Open,High,Low,Close,Volume,LOGRET_16,RSI_14,MACD_12_26_9,MACDh_12_26_9,MACDs_12_26_9
13.069870420190755,13.616682261806703,12.928491972282439,13.079095840454102,560640000,,,,,
13.065385774806634,13.40823403597086,13.05266954832319,13.369585990905762,322760000,,,,,
13.187811340659536,13.210252351184334,12.552981757205131,12.581406593322754,580424000,,,,,
12.933482770253919,13.34265724493693,12.852695877279768,13.308995246887207,461480000,,,,,
13.327445140129552,13.385791009793136,13.007785563794448,13.24191951751709,292528000,,,,,
13.3835465810968,13.924374654631828,13.327444529827535,13.58576488494873,518344000,,,,,
13.7164225490186,13.71841810899848,13.309992231552675,13.44937515258789,291476000,,,,,
13.454612578563953,13.589258672592168,13.349888472879313,13.49625301361084,210028000,,,,,
13.539388821333265,13.564073651721584,13.145923924873552,13.165621757507324,283120000,,,,,
13.193298680322158,13.290293549213,12.814794785631271,12.825765609741211,277780000,,,,,
12.982105977406595,13.059652232326266,12.810308021823458,12.991083145141602,226188000,,,,,
13.077354122549842,13.395268338939731,13.022499048639284,13.3306884765625,258572000,,,,,
13.383299879552478,13.962526891847379,13.21823433925245,13.831122398376465,337780000,,,,,
13.70395790032052,13.805441369219901,13.591503605497362,13.676529884338379,246820000,,,,,
13.745596442257005,13.792223872758743,13.201776842384673,13.617433547973633,251112000,,57.52881939965193,,,
13.544872707989114,13.60895414760022,13.352379181972017,13.400004386901855,163980000,,52.68008887984553,,,
13.195292538180821,13.19803571963846,12.7601872437414,12.883862495422363,371272000,-0.01503965938704113,43.34147753956252,,,
12.962154970541155,13.304753947952756,12.926498371266812,13.01676082611084,228316000,-0.026744603756003467,45.99606074453069,,,
13.040699478065463,13.299768427548274,12.877628563577591,12.955673217773438,271552000,0.0293137216366384,44.95347297259212,,,
13.019005282355215,13.235934407638668,12.86889982035926,13.20227336883545,217204000,-0.008051101294029899,49.891239461737115,,,
13.36360131815735,13.536396077517402,13.250647676765091,13.521186828613281,220440000,0.020870331278651847,55.45608601218657,,,
13.600228117062478,13.895202887143391,13.481042394931094,13.49500560760498,245408000,-0.006702882931342208,54.9168893519715,,,
13.49550393934747,13.637630039577589,13.302761193484542,13.62840461730957,201340000,0.013223541591944504,57.200310352313224,,,
13.68899670751416,13.701214519822724,13.510216204135968,13.555347442626953,169152000,0.004369022314444858,55.541173836544544,,,
13.69123767691583,14.43577930476439,13.69123767691583,14.400871276855469,434624000,0.08967969018830332,67.34616358317132,,,
14.303129980095962,14.544994139772516,14.185190289145298,14.225833892822266,287560000,0.10360351399270051,63.58230307056411,0.2670080175614409,,
14.425307273903554,14.865897960955252,14.303876794568637,14.725517272949219,485352000,0.1253186476094782,68.92206177546495,0.3333999852876879,,
14.940952373280984,15.232186181314688,14.88584714428592,15.210741996765137,450828000,0.13193310705236114,73.05385432791421,0.42032443956236776,,
15.01051986233055,15.251137034656068,14.73624069296745,14.922002792358398,374756000,0.07591552200809025,67.31840260120207,0.4606042955278902,,
15.024730417020098,15.33217217964681,14.910779958011238,15.290032386779785,321960000,0.11151992151530443,70.49777193804316,0.5162720216025498,,
15.131201806083503,15.183564806977943,14.741227712502749,14.866897583007812,274756000,0.0877862523619373,62.91897869825393,0.5202485517407442,,
14.690361096291939,14.834232597555033,14.536764807224552,14.790099143981934,233868000,0.09870294580974727,61.62408686346387,0.5113089371775423,,
14.98508493573601,15.13718502262664,14.807801606602862,14.88734245300293,271724000,0.1445357932183224,62.671655709097855,0.5062353841832312,,
14.735989961421163,15.093549958804896,14.287419880189564,14.318089485168457,325884000,0.09528591544008562,53.470030469897914,0.4510808209082082,0.008138326069134616,0.4429424948390736
14.038324945664725,14.201396806826544,13.354373920782525,14.104900360107422,391780000,0.0849885017466744,50.480769922840906,0.38572149416754264,-0.04577680053722483,0.43149829470476747
14.085702837613358,14.468695336229112,13.719914197710844,14.460965156555176,448320000,0.09106392147780155,55.005204331192395,0.3585223872449905,-0.05838072596782157,0.4169031132128121
14.00865457563382,14.337041196742353,13.181580543821173,13.272590637207031,824436000,-0.01855679554358263,41.40719814833702,0.23832771347168524,-0.14286031979290148,0.3811880332645867
13.71642348961757,13.818156155148777,13.325950967006433,13.678524017333984,500932000,0.013507350901818297,46.29148038023597,0.17382426191045752,-0.1658910170833034,0.3397152789937609
13.838602581815634,13.888471610182824,13.517696920416522,13.805439949035645,353184000,0.012906524188578487,47.7577847537105,0.13143081422005132,-0.1666275718189677,0.298058386039019
13.8635337386102,13.883980140619556,13.360856243880576,13.371079444885254,264116000,-0.013686990489787438,43.39156918857746,0.06206894673300489,-0.1887915514448113,0.2508604981778162
13.391027778765883,13.416211020001251,12.765173441459293,12.771158218383789,377592000,-0.12009934577159342,38.197323206675186,-0.04083869910149929,-0.2333593578234524,0.19252065872195312
12.767170765883725,12.940964273253552,12.052051597493882,12.337800025939941,573344000,-0.14239187725787236,34.94331443911142,-0.15556883356449092,-0.2784715938291552,0.12290276026466432
12.517077021416965,12.517077021416965,11.648610886068413,12.42880916595459,542840000,-0.16956476010210747,36.17305231166047,-0.23642426297376318,-0.287461618590742,0.05103735561697882
12.417341665136506,12.438535695041939,11.536159114068337,11.56283950805664,543112000,-0.2742054232971677,30.30337798012138,-0.3661584409133578,-0.3337566372242693,-0.0324018036890885
12.102603013291521,12.58799398146457,12.031764735768222,12.491714477539062,521824000,-0.1777712384449762,41.305266767983106,-0.3895309936889326,-0.2857033519998753,-0.10382764168905734
12.811235825103035,12.950417563660338,12.429109277128202,12.439834594726562,384376000,-0.20629734712735115,40.91677366558481,-0.40754228929371195,-0.24297171808372367,-0.16457057120998828
12.920485455152443,13.016516624546929,12.705476723153422,12.963886260986328,299916000,-0.1369695909363888,46.4007594504321,-0.37520465533036784,-0.16850726729630364,-0.2066973880340642
12.619422429593925,12.859374744297998,12.56130571502629,12.826699256896973,243964000,-0.1424291022027556,45.217547173369105,-0.3565367583311101,-0.11987149623763668,-0.2366652620934734
12.835428531595388,13.176649051774316,12.738150906130018,13.161184310913086,221988000,-0.1232394370450202,48.65535178033189,-0.3111652477311928,-0.059599988510175506,-0.2515652592210173
13.32605940722556,13.481704010875045,13.086855903214838,13.260958671569824,272128000,-0.07669945664050759,49.669949775457006,-0.26411251694973714,-0.01003780618297584,-0.2540747107667613
13.01003031717977,13.422587713720741,12.959894792091,13.310843467712402,243864000,-0.05794327889817365,50.19981293257027,-0.22025859864577235,0.027052889696791177,-0.24731148834256353
13.106561307017516,13.153952708479773,12.6880170282532,12.693504333496094,293896000,-0.13036256833710466,44.02310183602204,-0.2326364728049839,0.011740012430063729,-0.24437648523504762
12.720942322961571,12.89205167424167,12.58375588036706,12.816473960876465,299208000,-0.034969682791769485,45.46259107431611,-0.229873566639494,0.01160233487644291,-0.2414759015159369
12.883322313284456,13.36397394916909,12.877335469562507,13.156198501586914,297804000,-0.038933996397444166,49.338647739018235,-0.19798872161966408,0.03478974391701828,-0.23277846553668236
13.224042396554665,13.314086726980229,12.991573614500512,13.040961265563965,222048000,-0.05696744322662753,48.090109133075494,-0.1799441499436245,0.0422674524744463,-0.2222116024180708
13.121278222518455,13.129260363528369,12.60795110155996,12.61418628692627,245840000,-0.05827204779639226,43.68148635091781,-0.1978007470694667,0.019528684278883296,-0.21732943134835
12.47101443199076,12.685773901392986,12.244032933114475,12.506682395935059,295144000,-0.02092627117733571,42.6215344062061,-0.21811262789306518,-0.0006265572357721239,-0.21748607065729306
12.525888868201262,12.826951385393329,12.34530159713695,12.809989929199219,363968000,0.037557607065348164,46.56145179927406,-0.20734540790309453,0.008112530203358836,-0.21545793810645336
12.791031730488832,13.032730075197993,12.671056035921035,12.918740272521973,273520000,0.03866189376250827,47.94170960135823,-0.18787140009143855,0.022069230412011864,-0.2099406305034504
12.81273373778391,12.945680303731645,12.67604587013705,12.842415809631348,200204000,0.10495696246549102,47.023714641900035,-0.1765615630896331,0.026703253931053855,-0.20326481702068697
12.985838094343524,13.43980108547059,12.952913308067277,13.317830085754395,314776000,0.06403816263201352,53.05376198003226,-0.12776369653891884,0.060400896385414515,-0.18816459292433335
13.541317337971815,13.83838824514868,13.480455543278254,13.780271530151367,308276000,0.10233417906798296,58.055114279612404,-0.05118583747704619,0.10958300435782975,-0.16076884183487594
13.835894376270323,13.98206011736724,13.70170041776429,13.955620765686035,255672000,0.0737148375971876,59.80376796348737,0.023382348240598816,0.14732095206037982,-0.123938603819781
13.967843638827903,14.022219056182177,13.742109584317118,13.82990837097168,191744000,0.07530464232852234,57.9388756425511,0.07150991128158957,0.15635881208109648,-0.0848489007995069
13.849116212600178,14.211039577939392,13.680252388675337,14.111268043518066,251284000,0.06970171517622457,60.879238616487605,0.1308464099210358,0.17255624857643415,-0.04170983865539836
14.220267811953875,14.438519272007431,14.216525559092238,14.284371376037598,244416000,0.07434174868567167,62.6110157336387,0.18965280535325668,0.18509011520692403,0.004562690146332651
14.181605804476893,14.37516391880831,14.142695127627215,14.367181777954102,195172000,0.07636756103599988,63.44469548102185,0.2401708645444547,0.18848653951849761,0.051684325025957066
14.257183774806016,15.317511631737263,14.107026467268174,15.174338340759277,869324000,0.17851534125227833,70.37783518569877,0.3414021083562684,0.23177422666424904,0.10962788169201934
15.196785577827692,15.664217957010367,15.091276508804023,15.64376449584961,676212000,0.1993410312117424,73.52299415491905,0.4542708147874741,0.27571434647636384,0.1785564683111103
15.589392107394824,15.684674464343214,15.19279793412266,15.242185592651367,385500000,0.14717393506103493,66.97199789737067,0.5054890533056522,0.2615460679956335,0.24394298531001868
15.62680486220305,16.177297582654937,15.595875375534593,16.100473403930664,598480000,0.21075340506305892,72.5927707840875,0.6083241475936774,0.29150492982692694,0.3168192177667504
16.016413918817005,16.12890796079067,15.829091947343619,15.876235008239746,335208000,0.23000126114753752,69.275688093522,0.6640725215523275,0.2778026430284617,0.38626987852386585
15.501094266497413,15.771476600565046,15.198285729382626,15.326742172241211,404420000,0.20333606393347592,61.82090481507567,0.6563480581462322,0.21606254369789307,0.44028551444833913
15.28832601946321,15.461679943155445,14.928897558401575,15.136672973632812,334132000,0.16689514336854774,59.43828453981344,0.6276541629032248,0.14989491876390854,0.4777592441393163
15.084294983048128,15.327490063738818,15.067833065018817,15.325494766235352,216776000,0.17083877473641806,61.04453379158352,0.613083143955734,0.10825911985313419,0.5048240241025999
15.339961078862977,15.403316768706386,14.749808798640005,14.816407203674316,277788000,0.14298173384352938,54.74945099158153,0.5540694273229931,0.039396322576314535,0.5146731047466786
14.900216066181406,15.300052952841437,14.866294104798794,15.230462074279785,227500000,0.13419376082278223,58.498083854498816,0.5345494461083433,0.015901073089331752,0.5186483730190116
15.150393662064413,15.44372330600664,15.090529983963508,15.44272518157959,197796000,0.11390006037295775,60.31316811237964,0.5300969514813687,0.009158862769885645,0.5209380887114831
15.542995273129279,15.634785606127947,15.319505808067337,15.346693992614746,164572000,0.09501772637531188,59.05480393822345,0.5129069311982946,-0.00642492601055078,0.5193318572088453
15.329485232982506,15.49685329813541,15.180824627957126,15.241934776306152,209416000,0.09721697575334663,57.64194930153736,0.485237012795789,-0.02727587553044508,0.5125128883262341
15.364900745251601,15.401317533525559,15.037149650786002,15.289822578430176,173196000,0.08021378585372677,58.135021447691365,0.46184864484023436,-0.04053139478879986,0.5023800396290342
15.139918040773958,15.329983201869698,14.96282183706927,14.975293159484863,201912000,0.047235691566419914,53.712490837004665,0.4131705266134347,-0.07136761041247969,0.48453813702591436
15.090528619389026,15.212001017227378,14.753798196085622,14.802935600280762,203912000,0.029878950058553292,51.40473488238526,0.35657458280563326,-0.10237084337622493,0.4589454261818582
14.603890923390113,14.604140216611514,13.978320032313126,14.31854248046875,405324000,-0.05805035980588931,45.489426830552475,0.26952845678539283,-0.15153357551717228,0.4210620323025651
14.67547738242069,14.779739992598865,14.354710265640383,14.425548553466797,292024000,-0.08107156317885915,46.94194219486232,0.20679447262937423,-0.17141404773855273,0.37820852036792696
14.462215722123199,14.5380427346573,14.185598224722254,14.48990249633789,193380000,-0.05061492428858856,47.84208543168306,0.16042093093982324,-0.174230071542483,0.3346510024823062
14.774502332832308,14.936631423425602,14.638313059413157,14.77849292755127,229328000,-0.08567573222068064,51.79185823864668,0.14528168417512077,-0.15149545464574837,0.29677713882086915
14.75354836535136,14.77225582305998,14.217523230425485,14.233237266540527,268904000,-0.10924345542713951,44.87706384637863,0.08826864114009325,-0.16680679814462074,0.255075439284714
13.79349421247718,14.322036843280735,13.71866531921801,14.27364730834961,285584000,-0.07118416550634374,45.45825713321456,0.04581798521833136,-0.1674059632531061,0.21322394847143747
13.977574573178089,14.227753702219754,13.678009683862246,13.727147102355957,303408000,-0.09774506061908811,39.406979143639546,-0.03155867599870632,-0.19582609957611505,0.16426742357740873
14.001767558085845,14.048661331069436,13.428327430047378,13.63410758972168,285404000,-0.11694320202024742,38.468127120977385,-0.09924372866095865,-0.2108089217906939,0.11156519312973526
13.858344627203556,14.29534613838963,13.717166637888369,14.210539817810059,258616000,-0.04175123160176415,46.907709804721705,-0.10515914798005,-0.1733794728878282,0.06822032490777821
14.124736130247342,14.136958159511208,13.821928575791024,14.133216857910156,216980000,-0.07476967383918741,45.99635156867252,-0.11476355424223428,-0.14638710332000998,0.03162354907777572
14.234487164504909,14.371424332512284,13.972086027430052,13.983809471130371,186256000,-0.09923783637551757,44.20902420295995,-0.13289906516806305,-0.13161809139667102,-0.0012809737713920348
13.535581647339058,14.047413007132981,13.512385007094382,14.03369426727295,344000000,-0.08943890431506016,44.97779962367858,-0.14161386560093625,-0.11226631346363537,-0.029347552137300878
14.2699030303963,14.650284506427553,14.237976372451099,14.57919692993164,321592000,-0.04445485121447109,52.65987081155835,-0.10331198555020471,-0.059171546730323064,-0.044140438819881646
15.12919233394966,15.187310011640008,14.835613378029347,14.957584381103516,672992000,-0.02196892845147319,57.13091647976036,-0.04194129156455162,0.0017593178042640198,-0.04370060936881564
15.177831327102725,15.70911806085919,15.141414531050915,15.576421737670898,554816000,0.039356623421794794,63.24486973592046,0.05598506739898035,0.07974854141423679,-0.023763474015256445
15.730068601519758,15.78244872406465,15.447214988276473,15.612088203430176,435408000,0.053219986551148325,63.567374859066184,0.1349151798965167,0.12694292312941852,0.007972256767098182
15.698389192812092,15.757753323974566,15.550726744487472,15.664216995239258,370440000,0.08982356454795115,64.06368647689511,0.1993759388363756,0.15312294565542195,0.04625299318095367
15.66397190459307,15.714107443530294,15.424768360407871,15.452704429626465,581476000,0.06878319237302406,60.46447425982727,0.23073449472229512,0.14758520123307317,0.08314929348922197
15.46567322053801,16.24040330560908,15.46567322053801,16.207477569580078,644536000,0.11202068683420312,67.4846622834137,0.3128835340625802,0.18378739245868655,0.12909614160389363
16.23292432390352,16.350904748822455,15.867009359555448,16.227436065673828,472804000,0.09353045073414398,67.64825163905675,0.37527182344421206,0.19694054547225473,0.17833127797195733
16.215212773462195,16.88019395155139,16.19850061077245,16.740013122558594,594168000,0.16222196684504894,71.60009476795528,0.46076427324177693,0.22594639621585566,0.23481787702592127
16.66268623436134,17.21966430504243,16.545204441050135,16.931072235107422,580008000,0.17073553601072042,72.92755843195594,0.5377358451868783,0.24233437452876566,0.2954014706581127
17.07349690716464,17.620746842193533,17.056537358178723,17.53818702697754,617120000,0.24500520690915611,76.66075083417812,0.6403439736100083,0.27595400236151646,0.3643899712484918
17.53120813273789,17.77190743935272,17.15357070426815,17.578847885131836,575756000,0.25412179037501653,76.89059428575676,0.7166811914169635,0.28183297613477737,0.43484821528218615
17.4873067175246,17.58134165328646,17.211685437703707,17.417217254638672,323848000,0.20347528440999393,73.78019005370382,0.7554286343726204,0.2564643352723474,0.498964299100273
17.47983489644697,17.53896328270028,17.22036779716421,17.322656631469727,381656000,0.2034874442105256,71.94650534924891,0.7696341466990742,0.21653587807904084,0.5530982686200333
17.31442760468904,17.456136659465507,17.140784570786124,17.389272689819336,287772000,0.21795330997520201,72.46567889538866,0.7773071636129423,0.1793671159943271,0.5979400476186152
17.44365825407932,17.902466667525747,17.40798212256188,17.788700103759766,416308000,0.2371022586318087,75.40481259209797,0.8063237407844355,0.16670695453265616,0.6396167862517793
17.86928786859954,18.00251330381653,17.6265367051876,17.9818058013916,321376000,0.20976481308113895,76.69974625950779,0.8352730948947311,0.15652504691436142,0.6787480479803697
17.878265383996606,17.979307461675045,17.691648561983385,17.752023696899414,243032000,0.1712810328585999,71.85197735382853,0.830105234709464,0.12108574938327543,0.7090194853261885
17.75427048170476,17.917933757296694,17.548442256286553,17.77372932434082,307124000,0.13196314263338652,72.0318036776676,0.8183279557310392,0.08744677632388054,0.7308811794071587
17.738056049490442,18.796380852352936,17.71984395555316,18.618995666503906,809656000,0.17613683294547106,77.94173720190268,0.8672037222227083,0.10905803425243965,0.7581456879702686
18.74548502583953,19.335272822869825,18.545894351454166,18.60053253173828,968856000,0.17181127223778986,77.55623099143536,0.8941411955072667,0.10879640602959839,0.7853447894776683
18.39744834960306,18.49849233811036,17.786205025624632,18.38946533203125,672384000,0.173993932336685,73.10472717376231,0.8882191407478004,0.08229948101610562,0.8059196597316948
18.43362691291713,18.924868057922353,18.34830150419991,18.848024368286133,580144000,0.1509353862398387,76.28892789895004,0.910037406825559,0.08329419767509139,0.8267432091504676
18.968773299713472,19.113476427422203,18.868977973588915,19.018171310424805,332356000,0.15869151283867935,77.35999004859374,0.9303336687171964,0.0828723676533829,0.8474613010638135
19.18832603442068,19.38018114291999,19.049110497974752,19.166120529174805,320924000,0.13534231563386095,78.2787894780363,0.947435422193923,0.07997929690408756,0.8674561252898354
19.24096830647944,19.305835565574505,18.855760067993472,18.991979598999023,278364000,0.11486623609986213,74.44899213670818,0.9361456628560347,0.054951630052959444,0.8811940328030753
19.32155139135176,20.03758090623226,19.279388341021416,19.94402313232422,495436000,0.12854888668458211,80.16307643542798,0.9925785758582073,0.08910763444410552,0.9034709414141018
19.84173216140045,20.057538224477703,19.61669442518028,19.985687255859375,367632000,0.12832002559120087,80.3699712798484,1.0288045936107686,0.10026692175733343,0.9285376718534352
19.95824717255962,20.12116244061837,19.82302502560131,19.961490631103516,326568000,0.13634573462818061,79.84910931193924,1.043532317298368,0.09199571635594617,0.9515366009424218
20.08374121170617,20.414061995630558,19.977957626652678,20.170562744140625,480136000,0.15220897507270456,80.99519790058788,1.0598571432526,0.08665643384814259,0.9732007094044575
20.398336903887945,20.463204151935557,20.246149458528663,20.444990158081055,342764000,0.16188436841194437,82.40942768278529,1.0824607505310482,0.08740803290127253,0.9950527176297757
20.694980768484587,20.799266327520442,20.308525759156822,20.65606117248535,446708000,0.14944536550792498,83.43071111097242,1.1046719682027586,0.08769540045838631,1.0169765677443723
20.810741633418665,20.832197183620792,20.290311300375325,20.329978942871094,418428000,0.12273613398034153,76.0816870807158,1.0834728073985112,0.05319699172331105,1.0302758156752
19.815787729327422,20.09171960290555,19.660356798187884,19.861942291259766,503300000,0.11230593247650976,66.9640398757327,1.017180252709398,-0.010476450372641777,1.0276567030820398
19.92156854746717,20.039077280594753,19.71374549718663,20.009138107299805,296624000,0.11846758811112042,68.25261827983661,0.9653919601133225,-0.04981179437497385,1.0152037544882964
20.198497681942428,20.490646804633943,20.146354911854072,20.470439910888672,321984000,0.09479955799157944,71.94576616298235,0.9506144734925641,-0.05167142479658593,1.00228589828915
20.358671605643057,20.419298007480663,20.072759999501244,20.208480834960938,290708000,0.08291214856459196,67.16739100199295,0.9073064369095007,-0.0759835691037195,0.9832900060132203
20.316009610198147,20.3758860567773,19.712250523310388,19.800817489624023,380100000,0.07394525985214292,60.4399207477194,0.8305158116177225,-0.12221935551639829,0.9527351671341208
19.771125849419136,19.806303278960396,18.81982963269541,18.927358627319336,550564000,0.004200321446462201,49.09384180816405,0.6912100186084871,-0.20922011882050695,0.900430137428994
18.991478427848552,19.1177182176921,18.03594132190784,18.123760223388672,688224000,-0.04817110994808043,41.39461586635012,0.5100855500556918,-0.31227566989864186,0.8223612199543336
17.878521413413818,19.002960421568243,17.828872130413824,18.741249084472656,749060000,-0.02241723662316684,48.12655090931524,0.4116243450930419,-0.3285894998890334,0.7402138449820753
18.6915992012212,18.79937758111035,18.12675963254832,18.573841094970703,434687000,-0.02226256560041401,46.564869200650456,0.31643701617236886,-0.33902146304776526,0.6554584792201341
18.843280145795415,19.486957952142763,18.703567841820753,19.370197296142578,371017000,-0.02919384306211284,54.18152431603096,0.30178091963373177,-0.2829420476691219,0.5847229673028537
19.601723472760458,19.846220024304472,19.236472843910477,19.553821563720703,323826000,-0.021845636422917352,55.74783994852601,0.30150721383751033,-0.22657260277227464,0.528079816609785
19.615699109499815,19.659609519887088,19.210531401083966,19.517900466918945,195672000,-0.02247293185886714,55.349224267020155,0.2949912917299322,-0.18647081990388226,0.48146211163381447
19.271405648863613,19.402135661445893,18.875218391704966,19.254440307617188,203943000,-0.0464825521680726,52.39034246179822,0.2655077355847659,-0.17276350083923886,0.4382712364240048
19.225497674306034,19.581766017643996,18.70257193709135,19.168615341186523,248863000,-0.06446354848925914,51.42588903031833,0.2325359180852864,-0.1645882546709747,0.3971241727562611
19.279388051239483,19.605717226720746,18.95605298334581,19.463010787963867,202191000,-0.059493014046467174,54.51877766913589,0.22753785262963788,-0.1356690561012986,0.3632069087309365
19.47897479340846,19.81229145414186,19.28836645999414,19.62168312072754,190781000,-0.035461355445803165,56.13978500442035,0.2336865874061651,-0.10361625705981714,0.33730284446598224
19.378183515098645,19.589748711840976,19.223502553973766,19.45901870727539,183497000,-0.020494803647736523,54.01439611830319,0.22286479862343356,-0.09155043667403895,0.3144152352974725
19.65960836133373,19.920072893515012,19.321302738209415,19.709505081176758,217444000,-0.015088063756836495,56.730967271084054,0.23182823839406907,-0.06606959752272279,0.29789783591679186
19.699525118531906,20.180537181896543,19.180590863307074,19.774372100830078,301811000,-0.03459512898036437,57.43226789519985,0.24138353621071218,-0.04521143976486375,0.2865949759755759
19.94901519529607,20.27634373224606,19.7873466816519,20.232433319091797,231309000,0.0011845670372563077,62.103298494787765,0.2826595671681531,-0.0031483270459382595,0.28580789421409136
20.457968271115057,20.69049034667799,20.300291278871487,20.59468650817871,211435000,0.03930988182507806,65.34226020105109,0.34067483651019614,0.043893553836883814,0.29678128267331233
20.48192054791588,20.527825763716436,20.168563249678193,20.324243545532227,178497000,0.07120601501002244,61.14095011663287,0.3606722632022752,0.0511127844231703,0.3095594787791049
20.404076913702454,20.465950063739957,20.10169868378159,20.253387451171875,146443000,0.11109826416886324,60.05151650150241,0.366577199514019,0.045614176587931266,0.32096302292608775
20.28033461302938,20.388112984304005,19.79433168561157,19.895126342773438,179238000,0.05974786636136026,54.74042379535378,0.33844682245566204,0.013987039623659436,0.3244597828320026
20.0019058704776,20.007894086641553,19.39016371647244,19.658611297607422,185925000,0.0567612782166017,51.50204135050559,0.29368311235446853,-0.024621336382027292,0.3183044487364958
19.829259157284667,19.987931634303653,19.57977176020651,19.864187240600586,151652000,0.025182811266836462,54.04672973143381,0.2716642339401183,-0.03731217183710206,0.30897640577722035
19.86418766511711,20.1725541097233,19.810297533456417,20.1466064453125,183063000,0.029865115851164015,57.357014591260224,0.273846254544754,-0.02810412098597309,0.30195037553072707
20.09371398663874,20.245402741354958,19.413111296530506,19.909093856811523,210876000,0.019844587924165838,53.84412607657516,0.2534881866532075,-0.03876975110201569,0.2922579377552232
19.644636093502562,19.729462793894655,19.227493918155808,19.418102264404297,204585000,0.008464037943312784,47.38346772026292,0.19548195872104301,-0.07742078322734414,0.27290274194838715
19.460015252777776,19.593741262399412,18.961040502706553,19.000959396362305,285913000,-0.008784851505084224,42.69616733657334,0.11453141507031717,-0.126697061502456,0.24122847657277316
19.4540268298558,20.45297562405578,18.7235274533364,19.757404327392578,766555000,0.015012542200567015,51.97405378136098,0.11014660853076563,-0.10486549443360604,0.21501210296437168
19.950010047710816,20.822218562508386,19.892130309855503,20.773319244384766,675741000,0.05703419824372576,61.086421840115804,0.18649763258569507,-0.022811576302941283,0.20930920888863636
20.928001463334397,21.951896810931448,20.907044613368058,21.91297721862793,575807000,0.11876837904020478,68.34293314271743,0.335104368664247,0.10063612782048847,0.2344682408437585
21.70840262297174,21.913979660897734,21.49084915177416,21.748319625854492,297299000,0.09843548515602014,66.41589353574527,0.43458021581322015,0.16008957997556933,0.2744906358376508
21.692431791193993,22.423928711519626,21.67746315503596,22.167455673217773,347701000,0.11423849166154505,68.82554294825916,0.5410000062089075,0.21320749629700536,0.3277925099119022
22.154480161007974,22.294192485058762,21.745321009055534,22.022750854492188,237940000,0.08478912211437743,67.03720888141632,0.6066686882877121,0.22310094270064795,0.3835677455870642
22.138511515816955,22.675408448379397,22.121546176518386,22.589584350585938,304722000,0.0924558245741604,70.2933950049281,0.6964223940117762,0.25028371873976957,0.4461386752720066
22.783190447883996,22.99575306868684,22.504763165366676,22.641481399536133,262580000,0.10796924722677297,70.57994510318785,0.7629457469139851,0.2534456573135827,0.5095000896004024
22.652460784760265,22.652460784760265,22.078539691889592,22.343042373657227,259850000,0.09819290830070686,66.60136328776849,0.7825635427425972,0.21845076251375584,0.5641127802288414
22.4428572885443,22.654459833301413,22.315096938238806,22.39893913269043,201767000,0.11853880325430556,66.97683854390789,0.7934745083688846,0.1834893825120345,0.60998512585685
22.47579213790653,22.550652320173334,22.253210553299805,22.354021072387695,187834000,0.12849074233666463,66.33149434080221,0.7893973340819258,0.14352976658006056,0.6458675675018652
22.283153658089955,22.94291394583907,22.158387964380097,22.800182342529297,280532000,0.13785005911863316,69.47738789888032,0.8127981981808539,0.1335445045431909,0.679253693637663
22.790203015084845,22.856079292366953,22.47978511733156,22.619524002075195,198107000,0.11577756764914561,66.75737919669972,0.8074580594394476,0.10256349264142772,0.7048945667980199
22.47080039788564,22.56761869550648,21.935803914105733,22.29712677001953,254434000,0.11328122069403251,62.086066613571134,0.7683540910941389,0.05076761943689523,0.7175864716572437
22.27017655402658,22.49575275074935,22.089516081204597,22.13542938232422,196856000,0.13097372693033357,59.82497299363144,0.7160619699693385,-0.0012196013503241732,0.7172815713196626
22.30610802241827,22.583586786776177,22.22825511755486,22.43586540222168,248376000,0.16617134000323966,62.55374041380491,0.6908985151771212,-0.02110644491403313,0.7120049600911543
22.64147787183601,22.920953685031154,21.81702603149489,22.110475540161133,297500000,0.11252317881884162,57.961871859858796,0.6373530443330644,-0.05972153260647195,0.6970745769395363
22.23324884827066,22.36799604174789,22.04460391966671,22.2003116607666,199755000,0.0664368928816212,58.85978509906231,0.59530459623479,-0.08141598456379706,0.6767205807985871
22.267182251249665,22.325074094953457,21.924824786515654,22.299121856689453,166538000,0.017468270682366435,59.87496243081869,0.5634588522857165,-0.09060938281029651,0.654068235096013
22.14142223119242,22.23524590680437,21.885901542653063,22.2003116607666,156033000,0.02056983158426892,58.32502219739648,0.5242050047615621,-0.1038905842675607,0.6280955890291228
22.258197567391974,22.279158111208478,21.789079274517906,21.85894775390625,294503000,-0.014014906736804111,53.20122584187448,0.4602454108006562,-0.13428014258277332,0.5945255533834295
21.10636056579907,21.392823223374187,20.623268596762017,21.073423385620117,349440000,-0.04406335737235315,43.68983375236603,0.3422267432950612,-0.20183904807069464,0.5440657913657558
21.376857685741996,21.384842112502014,20.91073393353003,21.206178665161133,204688000,-0.0631963449166181,45.4643491380857,0.2564521201894472,-0.23009093694104693,0.4865430571304941
21.32595261044499,21.91883913030428,21.156271167832312,21.89987564086914,268726000,-0.0333027257288428,53.67875033038048,0.241664899349054,-0.19590252622515214,0.43756742557420614
22.098497607860224,22.49275763096914,21.84896623684546,22.439857482910156,248555000,0.004323760202758336,58.871870857402506,0.270400928547474,-0.13373319762138575,0.40413412616885974
22.028636566905515,22.10748897890775,21.820028635821796,22.039615631103516,217655000,-0.01617205306417992,54.036156778418984,0.2579052945440239,-0.11698306529986868,0.37488835984389257
21.66930554216764,21.75813941984435,21.28502886716347,21.619400024414062,245215000,-0.03341515775657746,49.44415450760727,0.21165470332912406,-0.1305869252118148,0.34224162854093887
21.174238025483074,21.37885370551217,20.61229166058771,20.660202026367188,343069000,-0.09855929114031364,40.900120021163005,0.09648924651224178,-0.1966019056229577,0.2930911521351995
20.900747828469267,20.977603154424603,20.42863300487904,20.478540420532227,218394000,-0.09943589813092756,39.50770280453134,-0.009331216661749409,-0.24193789503755914,0.23260667837580973
20.729072377363426,21.02651414505671,20.64922240448641,20.677169799804688,221009000,-0.0754276423726887,41.839227336575554,-0.07628756961494432,-0.24711539839260324,0.17082782877765892
20.711103703044348,20.819898634048688,20.165128182316913,20.7031192779541,240978000,-0.06689508566404608,42.15291053054948,-0.1258068328499462,-0.2373077293020841,0.11150089645213791
20.465565305506654,20.50349418175342,19.518344784114188,19.69501304626465,345635000,-0.13029535360254588,34.392463729789235,-0.24358901104233865,-0.2840719259955813,0.040482914953242605
19.912607817291025,20.609299487136077,19.81678708313489,20.412668228149414,279282000,-0.07989580286968029,42.50707586634587,-0.2758437058171701,-0.25306129661633014,-0.02278240920083994
20.08228868291119,20.681162542951505,20.0423627435626,20.66120147705078,297202000,-0.07184871080646704,45.04218606147744,-0.27814494590426975,-0.20429002936274385,-0.0738549165415259
21.05246791250463,21.282038287736984,20.932693885558372,21.03550148010254,256919000,-0.05833574203751629,48.71021962083317,-0.24691947910907075,-0.13845165005403587,-0.10846782905503488
21.061448413209504,21.166251145772502,20.73605924982708,20.791954040527344,151258000,-0.06554024065641616,46.533904564076515,-0.2390694706275589,-0.10448131325801921,-0.1345881573695397
20.536437830524285,21.02352215524459,20.472556701918723,20.656211853027344,163388000,-0.05659425560575993,45.31857548893306,-0.24102317728019074,-0.08514801592852084,-0.1558751613516699
20.788958953630814,21.01752980565477,20.489522037442182,20.632253646850586,162134000,-0.021157129031659908,45.094716677505325,-0.24171835218988846,-0.06867455267057485,-0.17304379951931362
20.878794927311777,20.950660488106863,20.67417921275789,20.899755477905273,180652000,-0.014555126404992305,48.17301718827826,-0.21816920239466242,-0.03610032230027904,-0.18206888009438338
21.248100395292305,21.714224161412027,21.082411160549363,21.705242156982422,243589000,-0.008927152880616504,56.14602405801348,-0.13297740747321996,0.03927317809693076,-0.17225058557015072
21.769119455245605,21.889892945838103,21.62139804997386,21.821022033691406,226994000,-0.02796491098978939,57.16605578938741,-0.0554802855896277,0.09341623998441842,-0.14889652557404612
21.708234455215166,22.249218353447674,21.60342981922469,22.180347442626953,189494000,0.0063651019530997196,60.25577009438424,0.034533221847816264,0.14674379793748993,-0.11221057608967365
22.23424484253194,22.337052418565072,21.9956944090803,22.248220443725586,161473000,0.028670964482570428,60.83051082027173,0.11007745457906282,0.17783042453498918,-0.06775296995592636
22.263192160502342,22.390952498212002,21.94079763235497,22.06157112121582,146276000,0.0656279893852143,58.33234440373372,0.15312068293376768,0.17669892231175524,-0.023578239377987555
22.055585228702896,22.6684347704047,22.041611528864458,22.64946937561035,187590000,0.10075889542636786,63.42706274591033,0.2319969113920486,0.20446012061602892,0.027536790776019678
22.780221323580307,23.086645101577915,22.51871327531193,22.68340301513672,249384000,0.09260332896458744,63.70293345799302,0.29385764383420465,0.21305668244654796,0.08080096138765668
22.929938637364884,23.311222580367943,22.72732002696426,23.122577667236328,230235000,0.1105251497119594,67.1559162433315,0.37400909997393583,0.2345665108690233,0.13944258910491253
23.94403723282285,25.211657302029828,23.879158530632697,24.670671463012695,485898000,0.22524968912856305,75.87004665889945,0.5560382746755579,0.3332765484565163,0.2227617262190416
24.428126137261565,25.04297071184437,24.236484687501985,24.405168533325195,245990000,0.1786392353130173,72.32585490330607,0.6711373855387848,0.3587005274557945,0.31243685808299027
24.831371132879006,24.903236685034123,24.477036970431932,24.89425277709961,234204000,0.18637934791826613,74.67294910504826,0.7926817296154702,0.38419589722598396,0.40848583238948627
24.95413634715658,25.66080941988218,24.953138769892526,25.519075393676758,292503000,0.19321467013553645,77.31942596920175,0.9287187694068848,0.41618634961391876,0.512532419792966
25.60092529063793,25.84546501189111,25.17971537761912,25.77859115600586,265740000,0.21497826040148982,78.3321497030256,1.0454189181539668,0.4263091986888006,0.6191097194651662
25.773599620972107,26.627994125241784,25.751639593772857,26.351512908935547,294112000,0.24350959893984972,80.41161566952482,1.1706402124983057,0.4412243944265116,0.7294158180717941
26.620008930212876,26.73379556460861,26.18582484191522,26.54814338684082,239910000,0.25210425395012326,81.08263769878964,1.271093057159412,0.4333417912700942,0.8377512658893177
27.177960661408324,31.30620761167732,27.067168664563635,29.745140075683594,1153631000,0.35292830056601815,88.17524942179872,1.5903411122613065,0.602071877097591,0.9882692351637155
30.1304197888991,31.34114556827396,29.354875719065422,29.69623565673828,851260000,0.3134664867847986,87.63398588686405,1.8184394797071946,0.6641361956347833,1.1543032840724112
30.092490515186665,31.041708225527604,29.850943528129683,30.74626350402832,503101000,0.34289465618963916,89.17103089395333,2.0601889750146327,0.7247085527537771,1.3354804222608556
32.22149294128175,32.249440336959736,29.90783694894827,30.599536895751953,646746000,0.32177822823742175,87.53374284990481,2.214411226518191,0.7031446434058681,1.5112665831123229
29.30097811813441,30.79217735388519,28.72406045944693,29.403783798217773,636206000,0.278861341326677,75.38566918588894,2.214617458787277,0.5626807005399632,1.651936758247314
30.410891240075124,30.53266230455437,29.721186464615332,30.333036422729492,332172000,0.31840019788649876,77.94705752319264,2.263669645468692,0.4893863097771023,1.7742833356915897
29.95374953179042,30.622493760998218,29.574460737077853,30.333036422729492,413054000,0.2921010050099171,77.94705752319264,2.276304040783547,0.4016165640735656,1.8746874767099813
30.49473401848278,30.586560631343108,29.192179778474006,29.968721389770508,384909000,0.27852070505141613,74.4256004069061,2.23119982889067,0.285209881744551,1.945989947146119
29.703219107444752,30.333034945419044,29.650317051960343,30.146385192871094,264484000,0.2652554934979023,75.0183221086179,2.184607603536577,0.19089412511236614,1.9937134784242108
30.360982834698927,30.45181376929014,28.746015633176018,29.206151962280273,428508000,0.16876422275701505,66.26539167878066,2.04820354985263,0.043592057142735285,2.004611492709895
32.30632569001757,32.69858672166493,31.262285080625393,31.61562156677246,781711000,0.25885641681570803,74.48215338148101,2.1102013275258074,0.08447186785272986,2.0257294596730775
32.182565986384056,33.0259833953756,31.84520016505162,32.92317581176758,533867000,0.2795398770794431,77.66191078613664,2.239033528123766,0.17064325476055098,2.068390273363215
33.454171975159056,34.58205490001435,31.840204304091408,31.896099090576172,754335000,0.22305748958649077,70.25626590817177,2.2325223396866853,0.13130565305877617,2.101216686627909
31.475891783715838,32.299346195049736,30.822118806678535,31.68649673461914,532163000,0.20634627231724045,68.81411633609669,2.1852587153398453,0.06723362296954871,2.1180250923702966
31.40203282737438,32.79341914298425,30.87003088944136,32.61275863647461,435162000,0.21317789178669475,71.5895198885059,2.1972154153262053,0.06335225836472702,2.1338631569614783
32.53889066725361,32.64868508446507,31.291235661890763,31.44394874572754,283069000,0.1692467396023549,63.86572563833243,2.0883053124601823,-0.03644627560103686,2.124751588061219
32.30532956771906,33.34936641658166,31.97594634031224,33.31343460083008,454964000,0.1132949972455555,69.52859689077786,2.1283113079156664,0.0028477758835578904,2.1254635320321085
33.10683359082286,33.29049065819166,31.80428101273231,32.6147575378418,622066000,0.09374457894010642,65.40329295770766,2.07966585422599,-0.03663814224489492,2.1163039964708847
33.160795426923904,33.23067246826559,31.325015118496538,31.379919052124023,484368000,0.02039969289544955,58.766741719851176,1.919347789320966,-0.15756496571993495,2.076912755040901
31.15930528417701,32.421090351510074,30.970635382098994,32.069705963134766,472890000,0.046926970349236374,61.13891924703986,1.8268952950250572,-0.20001396801267513,2.0269092630377323
31.943930302637863,32.07270588626798,30.077206037814552,30.63922119140625,544325000,0.04115755983122898,54.17787388521169,1.61952893969778,-0.32590425867196204,1.945433198369742
29.827640986085843,30.18800847333297,27.98886963330003,29.98436737060547,658938000,-0.011561271336849015,51.29844273784124,1.3863672005062888,-0.4472527982907626,1.8336199987970514
30.902756606380816,32.392142841620974,30.597291131834343,32.37017822265625,593053000,0.06500014418105368,59.70170214044106,1.378212661411517,-0.3643258699084275,1.7425385313199446
31.942934185854615,32.23342468200651,31.365945895627483,31.77023696899414,475551000,0.058375689730966566,57.036587731180035,1.308259088764089,-0.3474235540446846,1.6556826428087736
31.6783946707129,32.14857195475035,30.37468329865997,30.436574935913086,488507000,0.00957998624683171,51.52967387734533,1.1321542290507907,-0.41882273100638656,1.5509769600571772
31.095419803403907,31.250148903888093,29.80867878068913,30.14508819580078,488825000,0.03164262693284944,50.38465992771785,0.9580257901319733,-0.47436093594016326,1.4323867260721366
30.195998888423453,30.240920116532646,28.06673496085565,28.111656188964844,598344000,-0.11746705049477218,43.17689909053064,0.6484716019422052,-0.6271320993039451,1.2756037012461503
27.650465209942464,28.627749897244694,27.20225254192556,28.2873477935791,667035000,-0.1517622114944158,43.92333114411024,0.4125686867548666,-0.690428011593027,1.1029966983478936
28.35023960485111,30.44656054797183,27.789224018282003,30.40563201904297,698297000,-0.047855861714165844,52.09425004889375,0.39202276621198706,-0.5687791457087253,0.9608019119207124
31.097419927170883,31.105405331789036,28.043779495511,28.337263107299805,707366000,-0.11171296350603489,45.1728405239758,0.2064599492805108,-0.6034735701121613,0.8099335193926721
27.93596643631338,28.871324937395045,27.711360291314012,27.752288818359375,713758000,-0.16138526429268002,43.41593902017369,0.012058540324360933,-0.638299983254649,0.6503585235790099
27.257156982057477,28.094685698240124,27.09743748345742,27.67043113708496,461847000,-0.12784218084431087,43.162957642131346,-0.14691763260989177,-0.6378209249511213,0.4909032923412296
28.324285422853343,29.068978618316375,27.352988774311232,29.024057388305664,524385000,-0.13783570589063937,48.5063497790186,-0.16181575794407976,-0.5221752402282476,0.36035948228416775
28.840382674839027,29.50321888121794,28.39915573432185,29.34848976135254,395184000,-0.10552378237327857,49.726284681313565,-0.14576337899767822,-0.4048982890254768,0.2591349100277986
29.70286437703643,30.006332580906882,29.37943266291663,29.58806610107422,343022000,-0.05879705992744687,50.6559406836427,-0.11241410481403946,-0.29723921187347047,0.184825107059431
29.608029328774624,31.032528972229475,29.58806391599303,30.890777587890625,403686000,-0.0374541656504429,55.4771226166545,0.01891532097119608,-0.13272782887058795,0.15164314984178404
31.257134464347306,31.275102573879263,29.959411220282004,30.268869400024414,420591000,-0.012161154689474834,52.8236781670437,0.07198227694498627,-0.06372869831743821,0.13571097526242448
30.21995567466968,30.494473432594628,29.314543448020515,29.94843101501465,343139000,-0.001199221823962552,51.45798912108262,0.08717660459381804,-0.03882749653488515,0.1260041011287032
29.77473371741111,30.403630832640008,29.48823787745709,29.534156799316406,308864000,-0.09169012257064661,49.670077376791404,0.065040010991261,-0.04877127210995376,0.11381128310121476
29.6220062223588,29.977383352467218,29.279606801609862,29.359466552734375,266530000,-0.07891487274900279,48.89854415209701,0.033019924982813365,-0.06463308649472112,0.09765301147753448
29.76275846512053,30.65718839576648,29.732810345904568,30.068222045898438,391547000,-0.012176140052649569,52.14633087590934,0.0640955673085628,-0.02684595533517735,0.09094152264374016
30.223950007701305,30.414615328202974,28.299328692062627,29.238679885864258,527154000,-0.030529511336004875,48.278770193581934,0.021537843346713714,-0.05552294343762115,0.07706078678433487
28.898276208088276,29.36445891031009,27.4847588010758,27.555633544921875,498064000,-0.019977302240574753,41.546118727625974,-0.14631065525523113,-0.17869715363165278,0.03238649837642167
27.591568449323077,28.388170524976964,27.017577109502056,28.128625869750977,454186000,-0.005626858221280636,44.38943179156412,-0.23043974186292004,-0.21026099219147337,-0.020178749671446672
28.091693384069224,28.37220116591778,27.009591180436384,27.19925880432129,409939000,-0.11143813194772965,40.91327963230809,-0.36786429366261686,-0.27814843519293614,-0.08971585846968072
26.534422691681613,27.42086717687943,25.599064280215813,27.351987838745117,594681000,-0.03538844839265535,41.720980299832895,-0.4591574036523589,-0.29555323614614254,-0.16360416750621637
27.275123269740316,28.015823680203926,26.791972104363566,27.76825714111328,404089000,0.0005752221242876414,43.96913078857381,-0.49224411352774666,-0.26291195681722423,-0.22933215671052243
28.01781755190002,28.54489221413085,27.559622224484315,27.94993782043457,383413000,0.0100505998589397,44.966958813720574,-0.4980640842987576,-0.21498554207058812,-0.28307854222816947
28.32927671947222,28.430099589302795,26.451571911307685,26.528438568115234,540171000,-0.08990774011313683,39.09982815122108,-0.6103438982297398,-0.26181228480125623,-0.34853161342848354
26.2539191117712,27.149348745857417,26.16407664809691,26.894794464111328,395832000,-0.08730833524204362,41.228176176342245,-0.6621319556377472,-0.2508802737674109,-0.4112516818703363
26.213987424363868,26.591325351246454,25.724846231443944,25.85761260986328,424270000,-0.13476605849544906,37.25824540333934,-0.7778991347932909,-0.29331796233836366,-0.4845811724549272
26.033304819361373,26.496490594712675,25.0081039034072,25.0230770111084,488315000,-0.21065919988107273,34.3889066797608,-0.926307609134426,-0.353381149343599,-0.572926459790827
25.259662338175847,25.534180093180137,24.03580883991224,24.107683181762695,435181000,-0.22758917791296823,31.521349904720964,-1.1050487123508184,-0.425697802047993,-0.6793509103028254
23.465810427443177,24.779504484725948,23.222238488118958,23.333044052124023,718958000,-0.24960638084007516,29.29514353683462,-1.2942894649576218,-0.49195084372383713,-0.8023386212337846
22.290873045084584,23.339032461596926,20.851400297392644,23.33104705810547,913982000,-0.23576248579304862,29.28940061224568,-1.4279645787455415,-0.5005007660094054,-0.9274638127361361
22.506494634650444,22.902800279174155,21.961451803005843,22.284883499145508,664616000,-0.27570645578160424,26.3726532400395,-1.5998773355192561,-0.5379308182264959,-1.0619465172927602
23.199279940872195,24.01484787549454,22.260926423275635,22.732099533081055,755959000,-0.27969086610892485,29.60012662838077,-1.6806592438397665,-0.49497018123760483,-1.1856890626021617
23.52670498128017,23.95295683827954,21.637020339093276,21.905550003051758,573353000,-0.2887524568074353,27.224794562043154,-1.7907326759013102,-0.4840348906393188,-1.3066977852619914
21.97342995522817,22.81794827384132,21.258684918334325,22.79998016357422,543774000,-0.18944733314267714,33.44852381018107,-1.785214780228067,-0.38281359597286024,-1.4024011842552067
23.14138195748147,24.46605848577613,23.011610568627187,24.443098068237305,564680000,-0.14043988355592618,43.07898078027256,-1.62947238204681,-0.18165695823328254,-1.4478154238135275
25.060012633846654,25.100941158842325,23.84813911503411,24.594829559326172,518925000,-0.10065348275743792,43.88649151937542,-1.4767785621649807,-0.023170510681162604,-1.453608051483818
25.748803893317607,25.7717624041856,24.509977269651007,25.197771072387695,543419000,-0.08203366661952098,47.09815896151919,-1.292219368199497,0.12911094662745715,-1.421330314826954
24.41514683908254,25.033061759096398,23.73833527889912,23.90604019165039,410178000,-0.14976238416500592,41.60423968175871,-1.2359396213258194,0.14831255480090788,-1.3842521761267272
23.929999824762128,24.59183831796362,23.590595371632805,24.276391983032227,354829000,-0.14091062014742023,43.634351421061446,-1.1482172878948909,0.1888279105854691,-1.33704519848036
24.32929429852448,25.13787445601279,24.159592102112708,24.68467140197754,376868000,-0.0720348511137978,45.86852152408762,-1.0338345683064176,0.24256850413915387,-1.2764030724455715
24.316318617844477,25.185792784105224,23.937982972320302,25.064006805419922,410359000,-0.07049992836461776,47.93347784404162,-0.9021765128749557,0.29938124765649277,-1.2015577605314485
25.57710623910371,26.678174261074123,25.308578465248807,26.6582088470459,524282000,0.030492078183738485,55.59925070192888,-0.6615715884855575,0.43198893763671276,-1.0935605261222703
25.949453184069903,26.87782206679956,25.55514483417539,25.778751373291016,513200000,0.02975208287254898,51.12721104154674,-0.5356803312323102,0.44630415591196815,-0.9819844871442783
25.870592262319995,26.10617882145909,23.731347419157586,23.90703773498535,605472000,-0.008357712421999765,43.16896149688765,-0.5802534503291348,0.3213848294521149,-0.9016382797812497
23.892064854710046,24.831416097685928,23.71337763060002,24.2244815826416,440424000,0.03749320191220754,44.74000596168804,-0.5832396788645653,0.2547188807333476,-0.8379585595979129
24.905283461876483,26.498487601294322,24.74057356698543,26.448575973510742,699869000,0.1254173530678441,54.276946854691026,-0.4015120754100039,0.3491571873503272,-0.7506692627603311
26.212990752516394,26.5354247584652,25.50722879997539,26.464548110961914,732676000,0.17189745158094294,54.33789334607848,-0.25328313210436804,0.39790890452477046,-0.6511920366291385
25.585093343558952,25.739822456551337,24.12266189291838,24.464061737060547,810595000,0.0734271708015557,46.057174816236405,-0.29384588575614146,0.28587692069839765,-0.5797228064545391
24.624775798711664,24.942219388593067,23.05952437299927,23.600574493408203,761255000,0.0745310251636059,43.01037797417069,-0.3911593231734578,0.15085078662486506,-0.5420101097983229
22.994638666049642,24.02183501533585,22.959700144237637,23.349016189575195,633422000,0.023795184077164595,42.13586643165417,-0.48301171777286456,0.04719871362036665,-0.5302104313932312
23.76029820297086,24.11268037576137,22.261928549910287,22.347776412963867,566511000,-0.0896210617152444,38.758033675803865,-0.6293424168864341,-0.07930558839456225,-0.5500368284918719
20.978177373546444,23.758297405959556,20.853396395775633,23.706388473510742,735801000,-0.036791672670329546,45.179990414298274,-0.6284376729929129,-0.06272067560083272,-0.5657169973920801
23.679436747579647,24.174566042065802,23.340032343064628,24.11467170715332,528866000,-0.04393510130539851,46.97933436655904,-0.5879975424952413,-0.017824436082528816,-0.5701731064127125
23.94996266290202,24.621783791712947,23.665462181929623,24.342273712158203,477319000,0.018083343137815257,48.00391223517593,-0.5314565675750771,0.030973231070108298,-0.5624297986451854
24.248436333224337,24.3342860810021,23.091466801028947,23.435861587524414,412056000,-0.035236959091659546,44.329976134226094,-0.5534079781631149,0.007217456385656407,-0.5606254345487713
23.71841598057506,24.370382742730364,23.377955875213303,24.18168067932129,389642000,-0.020587110200884946,47.86564393007774,-0.5048041930598224,0.04465699319115923,-0.5494611862509816
24.223612651520526,24.287512474639268,23.431868039395695,23.676481246948242,365095000,-0.05695062218758951,45.746213158429704,-0.5012723595293416,0.03855106137731201,-0.5398234209066536
23.347006629240735,23.64253787661564,22.446433192118437,22.899715423583984,431415000,-0.1519726438962612,42.621326765706215,-0.5547569731908801,-0.01194684182738126,-0.5428101313634989
22.780900603372093,22.996560377460327,21.29625367731159,21.318218231201172,450821000,-0.18998853924842227,37.06924532628514,-0.7164981761848352,-0.138950435857069,-0.5775477403277662
21.275289592142627,22.337605542188697,20.617331721210327,21.479965209960938,557467000,-0.1070522314985087,37.95938345354272,-0.8221503776472971,-0.19568210985562473,-0.6264682677916724
22.351581700991208,23.183264033281336,22.211803797860465,22.977590560913086,492742000,-0.05284433992151979,45.62806868765326,-0.776088394926294,-0.11969610170769718,-0.6563922932185968
22.495352455569837,22.751945809586083,21.847379110824843,22.62215232849121,428066000,-0.1562727006940023,44.23068985255962,-0.7595096817634186,-0.08249391083585733,-0.6770157709275613
22.98557510333111,23.10838159577832,22.011119449291616,22.065034866333008,367209000,-0.18181180731088298,42.0565711577939,-0.7823076991240647,-0.08423354255720272,-0.698074156566862
21.834401952883447,22.22677986262866,21.125526111998212,21.296255111694336,385354000,-0.1386739318661799,39.19361492357968,-0.8525813660971799,-0.12360576762425435,-0.7289755984729256
21.483955222900324,23.001550831506428,21.288266174917517,22.93665313720703,491996000,-0.02853484999183261,47.418761426666194,-0.7670650932734269,-0.030471595840401045,-0.7365934974330258
23.46282036717551,24.558084912150203,23.1353401835326,24.457244873046875,671422000,0.046371635836151066,53.674297614463484,-0.5700229166263,0.13325646464538066,-0.7032793812716807
24.08184022245879,24.80269615292569,23.8681780942896,24.726818084716797,471941000,0.10116158029142482,54.70314409792414,-0.38764473950030975,0.25250771341709677,-0.6401524529174065
24.759767307709588,26.52696759184535,24.58504492269525,26.411149978637695,730719000,0.10804170100249426,60.59220827201528,-0.10597559221417185,0.4273414885625878,-0.5333170807767597
26.465061754529117,27.109041720804736,25.92591520481067,26.691701889038086,591727000,0.10153228663637713,61.490295774728395,0.13829327207003317,0.5372882822774343,-0.39899501020740114
26.6847145409987,27.19490767313814,26.03075203419893,26.482036590576172,547007000,0.08425214080245756,60.382785642873564,0.31137058327499645,0.5682924747859182,-0.25692189151092165
26.0846650979012,26.569896250630553,25.53453815380786,25.59344482421875,502120000,0.08806886145404359,55.79603748935892,0.3725392692871239,0.5035689286384364,-0.13102965935131256
26.124604467332354,28.27519606311892,25.866013441097486,28.105464935302734,877379000,0.15036868934027894,64.09854552221613,0.6166070604168645,0.5981093758145417,0.018497684602322862
27.841880951681336,28.313134317487354,27.227854178048023,27.6481876373291,579016000,0.1550779762657319,61.82222230859624,0.7643234421141543,0.5966606060094651,0.16766283610468916
27.7120877211009,28.205305645201793,27.162956734082435,28.174354553222656,425494000,0.20728766760564618,63.43146623772862,0.9133188405281665,0.5965248035387818,0.31679403698938463
28.64960413512419,28.9002065040629,27.93573511452645,28.610666275024414,488984000,0.29421757181774827,64.75803385406262,1.0544504285970824,0.5901251132861582,0.4643253153109242
28.25921951967007,28.45091518210364,27.459486232193132,27.646190643310547,463487000,0.25236729790023993,59.61023313562307,1.0760688540004288,0.48939483095160374,0.5866740230488251
27.738043905197447,28.20330622061863,27.22685484159966,27.242828369140625,523440000,0.17027088982847635,57.54979053792026,1.0485664263456194,0.3695139226374353,0.679052503708184
27.331689942170463,27.452498797217913,26.225443109867467,26.66973876953125,517235000,0.164599925497369,54.65902092302314,0.9693529160905818,0.23224032990591814,0.7371125861846637
26.685715137656494,27.51440194539432,26.57089730394758,27.316715240478516,397120000,0.21350457181016608,57.2685832210313,0.9478549508541896,0.16859389173562067,0.7792610591185689
27.210877434716057,27.275775122550794,25.779146346741044,25.889970779418945,436615000,0.19532442421378277,50.38212874884977,0.8063956769137519,0.02170769423614638,0.7846879826776055
24.89455392422879,25.259974127878174,23.965027028764702,24.36838722229004,703833000,0.060550481948203276,44.268385214607015,0.5649961822103791,-0.17575344037378127,0.7407496225841603
24.402331794404898,24.68288736044798,23.44085601511471,24.169700622558594,557992000,-0.011826677539577026,43.52565099584928,0.3535771777524026,-0.3097379558654062,0.6633151336178088
23.879162026385522,23.885153052088434,23.02551513263404,23.08242416381836,524781000,-0.0688169378300691,39.60920642216961,0.09717183364505289,-0.4529146399782048,0.5500864736232577
22.178855209001213,22.28468649746738,21.62573085727686,21.88232421875,575207000,-0.18810707103220203,35.78206728397195,-0.20055738409288182,-0.6005150861729116,0.3999577020800298
22.501344972589628,22.68904726444352,21.248329435806077,21.46997833251953,662258000,-0.21769712373583502,34.546926506245654,-0.4644291509191305,-0.6915094823993282,0.22708033148019774
21.693626368608857,22.464404404314973,21.421057545807987,22.16787338256836,516943000,-0.17782254280825105,38.42124291583869,-0.6102011106689176,-0.6698251537192923,0.059624043050374685
22.46939400417776,22.74096493748478,21.12951812677189,21.224367141723633,569097000,-0.1871863420336703,35.372827429498656,-0.7927215073417635,-0.6818764403137105,-0.11084506702805297
21.166461128057538,22.05305484356052,21.04565226764047,21.748538970947266,525701000,-0.25641745758507567,38.30162952197773,-0.8848736778186961,-0.6192228886325145,-0.26565078918618157
21.685637426012697,22.337604232627974,21.280279596760053,22.16288185119629,512781000,-0.2211412783893935,40.59344742625234,-0.9139356479694314,-0.5186278870265999,-0.39530776094283154
22.481375661869,22.634133476038546,21.16645987408989,21.448013305664062,468974000,-0.2727801298689076,37.97267902770539,-0.9833163273838963,-0.4704068531528518,-0.5129094742310445
21.674650369576106,22.356570250230074,19.968354816166205,20.151065826416016,656209000,-0.35052241337261764,33.719316897671014,-1.1299287232482484,-0.4936153992137631,-0.6363133240344854
20.27087856646262,20.453589609860156,19.469149477885896,19.4841251373291,624713000,-0.34988790939919134,31.749834535311088,-1.2851225502116002,-0.5190473809416918,-0.7660751692699084
19.17161876841651,19.91344324394148,19.06578748429904,19.870512008666992,641566000,-0.31555348320084764,34.1495081808468,-1.3612449998315874,-0.4761358644493432,-0.8851091353822442
19.686804955917445,19.756693905617453,18.640462640700314,18.758275985717773,653143000,-0.3518945022884756,30.793194821107033,-1.4940977129049458,-0.4871908620181611,-1.0069068508867847
18.56857914906725,19.13667928412921,18.261067719026336,18.3858699798584,499460000,-0.39591636097119937,29.73926268253698,-1.6108654434109724,-0.48316687401935,-1.1276985693916224
18.93699080656897,20.005299527717778,18.460746198335123,19.750701904296875,570327000,-0.270666634945588,38.100867536480045,-1.5751172104515305,-0.35793491284792633,-1.2171822976036042
19.37130311158457,20.09615428661352,18.487703105916232,18.517656326293945,500435000,-0.27456201367881533,34.14706513255223,-1.6275218921564587,-0.32827167564228343,-1.2992502165141753
18.511665122150422,19.543029767970605,18.36190283037338,19.50209617614746,572049000,-0.21457785230999313,39.541343198278064,-1.5715016189494264,-0.21780112194820078,-1.3537004970012256
19.36930761313559,19.79363637931418,19.102729825683173,19.570987701416016,475751000,-0.16502321890462077,39.912284494897456,-1.5042066209002734,-0.12040489911923813,-1.3838017217810352
19.891481213837118,20.367725861414897,18.72133448924937,20.301830291748047,648855000,-0.0749681534936086,43.848262153363734,-1.3760398303691765,0.006209513129487032,-1.3822493434986636
19.835566276419193,19.893473166024286,18.470728615482905,18.814184188842773,626331000,-0.13204453920191592,38.342606686832696,-1.3786155117475793,0.0029070654008673813,-1.3815225771484467
18.706354897045497,19.481126136435083,17.961534971179468,18.645450592041016,633297000,-0.17304191557435508,37.7634252383075,-1.3783830075952146,0.0025116556425857084,-1.3808946632378003
18.00547209138607,18.226121253556457,16.80038073484784,16.923187255859375,644455000,-0.22646520657454478,32.38601471804561,-1.4998813060020666,-0.09518931421141308,-1.4046919917906535
17.661012701780987,18.1692081694567,16.998063684586604,17.567161560058594,761474000,-0.21351524274715888,36.05273238742598,-1.5266084465157377,-0.09753316378006716,-1.4290752827356705
17.31955580309831,17.72491361626801,16.54178891271083,16.603689193725586,670167000,-0.28879398960370845,33.15569266634256,-1.6070094610813221,-0.14234734267652116,-1.464662118404801
16.1933393515041,16.761439365221005,15.542371423645005,16.1494083404541,708728000,-0.28374860757041004,31.855894492658205,-1.6879271392944624,-0.1786120167117291,-1.5093151225827333
16.76143927351917,17.89963503357807,16.566748093964986,17.67798614501953,670437000,-0.13093703670798887,40.332183607230384,-1.6101507131508832,-0.08066847245451991,-1.5294822406963633
17.481297997545482,17.759855892789677,17.07893574693461,17.236684799194336,521446000,-0.12256008877878834,38.83048536808093,-1.5660689970284274,-0.029269405065651233,-1.5367995919627762
18.045405262711192,18.341936274653683,17.606102740003116,18.148242950439453,585830000,-0.09066307527017516,43.509358335422625,-1.4409682102573385,0.07666510536435034,-1.5176333156216888
17.676988175468864,18.089334859232448,16.837319149393423,16.91120147705078,545161000,-0.10365882927835679,39.134621598550154,-1.4252148542795702,0.0739347690736949,-1.499149623353265
16.910204148890237,17.659017569566856,16.70752429563901,17.096908569335938,621310000,-0.07268477197786957,40.108188072791286,-1.381816475661367,0.09386651815351854,-1.4756829938148854
17.30458031525228,17.382456030278203,15.73007462070742,16.66758918762207,739105000,-0.1697229636881527,38.57213694249467,-1.3663154006338374,0.08749407454483848,-1.4538094751786759
16.248253966391196,16.888240622010123,16.15340494623042,16.871267318725586,639889000,-0.09311265659006716,39.75102051005247,-1.3223523097335423,0.10516573235610682,-1.4275180420896492
16.483880450468337,16.570742704777313,15.755034857703096,16.128442764282227,588550000,-0.18993761135046086,36.96477067322716,-1.3320954102688631,0.07633810545662878,-1.408433515725492
15.994654056130356,17.083927510005076,15.974685242537772,16.948143005371094,781132000,-0.14388997969468661,41.81164076694769,-1.2591591260969288,0.11941951170285048,-1.3785786377997793
16.010628703746065,18.063375657281167,15.996650914119456,17.822757720947266,996575000,-0.13023487980708567,46.53543009750697,-1.1178960871003376,0.2085460405595534,-1.326442127659891
18.157231102333768,18.8511313279589,18.07136671001473,18.78124237060547,738379000,-0.0017524379788952497,51.20996694067582,-0.9180200464653119,0.3267376649556635,-1.2447577114209754
18.949971241226027,19.169624397490942,18.320968803583344,18.642459869384766,664100000,-0.00016041245678046086,50.52118731841567,-0.7620312107778098,0.38618120051453264,-1.1482124112923424
18.694377690643833,19.022855747717312,18.093328926485647,18.291015625,544514000,0.07772528130469158,48.733626077393865,-0.6591690574604279,0.3912346830655318,-1.0504037405259596
18.26305843038439,19.587958531462956,18.169207293188276,19.56100082397461,648656000,0.1075064913858333,54.93833638884534,-0.4697577926074068,0.4645167583348423,-0.9342745509422491
19.051812636929697,19.301417132077827,18.49269719667944,18.690383911132812,598779000,0.11838425099150238,50.4321465311477,-0.3854562101417649,0.43905467264038744,-0.8245108827821523
19.108721169478997,19.306407878758208,18.53463008393182,18.75627899169922,422406000,0.14964516218248985,50.7613396789729,-0.30975871078427986,0.4118017375982981,-0.7215604483825779
18.442776806994864,18.969941371656333,18.159225708286073,18.896059036254883,388914000,0.06663323882566799,51.497198271087925,-0.23577099450506367,0.3886315631020114,-0.6244025576070751
18.773222822485945,19.153700917925704,18.50958487708306,18.6224308013916,363252000,0.07732686148748098,49.924300337513294,-0.1969444549648003,0.34196648211381986,-0.5389109370786201
18.455665170383455,18.90704518527474,18.016267836051888,18.023258209228516,395574000,-0.006910702327517899,46.57002200285493,-0.21207766404495487,0.26146661842693225,-0.4735442824718871
17.575868590287566,17.672735713116985,16.845869983240426,16.950727462768555,465248000,0.002334539402031589,41.230001161063534,-0.3070753356738507,0.13317515743842917,-0.4402504931122799
15.978062138947548,16.28963462493864,15.584602305443429,15.6255464553833,604153000,-0.08999049359055922,35.77204097071187,-0.483716721890481,-0.03477298302256088,-0.4489437388679201
15.709431606714736,16.043972335554802,15.39086873500502,15.814288139343262,469680000,-0.052552222480264435,37.050210917569295,-0.6015422124065317,-0.12207877883088925,-0.4794634335756425
16.07293416311362,16.844875148826677,15.904166178242575,16.504343032836914,563936000,-0.021988455980687303,41.624226368022555,-0.6319533349833577,-0.12199192112617219,-0.5099614138571855
15.838255559738554,15.920143868962862,15.379885215530072,15.579610824584961,545749000,-0.03462128369057127,37.67366965386298,-0.7223457771478792,-0.16990749063255495,-0.5524382865153242
15.626545464540554,15.973069829679215,15.306984507524353,15.858227729797363,630334000,-0.06646980530996396,39.53570234580844,-0.7627083558963257,-0.16821605550480112,-0.5944923003915246
16.452414335241084,16.98468267040784,16.38450676600433,16.543289184570312,483089000,-0.07449563207765919,43.96828092518979,-0.7309908487698173,-0.10919883870263425,-0.6217920100671831
16.203755026060914,16.639158120842517,16.157818561487453,16.33757209777832,437135000,-0.13939113354687227,42.9500492259494,-0.7142210498390682,-0.07394323181750806,-0.6402778180215601
16.496352545413853,16.562262048145204,15.831266178018796,16.202756881713867,463680000,-0.1402603621489097,42.25935907473254,-0.7036975374302123,-0.05073577552692177,-0.6529617619032906
16.477373260321134,17.116495007570528,16.287633277331576,17.102514266967773,472153000,-0.06718450398237186,48.24169546823674,-0.6156577572328743,0.02984320373633309,-0.6455009609692074
17.288262424428577,17.30623739273668,16.603202230338358,16.845869064331055,427968000,-0.14943236281254454,46.75371321192021,-0.5601378002261193,0.06829052859447049,-0.6284283288205897
16.87682839483553,17.178414374885598,15.92313785085493,15.960087776184082,461149000,-0.15791807048065146,41.944954841404645,-0.580916537235673,0.03800943326793338,-0.6189259705036064
15.792319274408227,15.798310614181643,15.149202139419758,15.520691871643066,482352000,-0.18935448279418005,39.76031023226555,-0.6256275681639707,-0.005361278128291347,-0.6202662900356793
15.339938722941218,15.545656605686547,14.841623301451254,15.138216018676758,686070000,-0.22173097497608468,37.909419011772535,-0.6840388135077937,-0.05101801877769141,-0.6330207947301023
14.878571907888004,15.042346602938938,14.372267094258923,14.503087043762207,577610000,-0.25000528486465373,34.99606702777815,-0.7726728548557364,-0.11172164810050722,-0.6609512067552292
14.155565553205147,14.950473724833659,14.035730193518944,14.943483352661133,651397000,-0.18738773789561927,38.52398105491859,-0.7981787616993028,-0.10978204395525881,-0.688396717744044
14.989422325888844,15.297998718746442,14.768724634535959,15.109257698059082,529066000,-0.11500310251984389,39.84738136569785,-0.795841803477197,-0.08595606858652238,-0.7098857348906746
15.434809616202475,15.923138547891462,15.367901086957772,15.836257934570312,492903000,0.013394948817010128,45.398633141383925,-0.7269471101800402,-0.013649100231492461,-0.7132980099485478
15.40884547069508,16.015013612204577,15.36790131679417,15.816286087036133,467972000,0.000126330156463768,45.275020349842464,-0.6662786846345092,0.03761546025123086,-0.7038941448857401
15.504713369588908,15.505712402359757,15.017382517341197,15.131226539611816,437321000,-0.08686296913943621,41.13738613258175,-0.6658021477807274,0.030473597684010145,-0.6962757454647376
15.247066109475627,15.409842731268506,14.856602404665553,15.061321258544922,458483000,-0.033833109469509605,40.72835472811328,-0.6634177934900141,0.026286361579778816,-0.6897041550697929
14.569997015391333,15.35392061472374,14.4451683925074,15.143209457397461,521918000,-0.04613625446876838,41.46261376942011,-0.6474570009778287,0.033797723273571445,-0.6812547242514001
15.087285563609488,15.451784891767781,14.707806458761096,15.350923538208008,456235000,-0.0748048946747959,43.37868467675792,-0.611003894973674,0.056200663422180885,-0.6672045583958549
15.637530405493203,15.760360953090563,15.423823119073793,15.740388870239258,385935000,-0.037237543420270657,46.88903146001523,-0.5444123023015592,0.09823380487543654,-0.6426461071769958
16.27964880664775,16.87383233225247,15.98006089057034,16.07892417907715,670517000,-0.0076720484169152765,49.80225700027706,-0.4590296075964364,0.14689319966444758,-0.605922807260884
16.463395590625716,17.086540553268563,16.1498269486933,16.96870231628418,702366000,-0.007854878816115381,56.54843441607719,-0.31592377478705735,0.2319992259790613,-0.5479230007661187
16.92376734668727,17.908415670341522,16.777967593941465,17.7825870513916,760538000,0.05411425559898906,61.628281854106746,-0.135278271354764,0.3301157835290838,-0.4653940548838478
17.8604767159777,18.119120453359592,17.52094276400612,18.025249481201172,557049000,0.12168243215112098,63.016561170751224,0.02715242540867635,0.39403718423401934,-0.366884758825343
17.868468104985222,17.94236605570938,17.113504073103183,17.295255661010742,536671000,0.10825813152545283,56.40526549629758,0.09587038820918892,0.37020411762762556,-0.27433372941843664
16.9956657310704,17.100523221688167,16.626174074697623,17.000659942626953,480748000,0.11602975471062756,53.945579472821386,0.12511619476918057,0.31955993935009375,-0.1944437445809132
16.86584882600745,16.89580838829463,16.455412917763724,16.510337829589844,397865000,0.12962519350556367,50.034728175274516,0.10748973568052733,0.24154678420915243,-0.1340570485286251
17.00864767966369,17.911409474895198,16.88981135399597,17.765609741210938,569776000,0.17298924283318895,58.35790347147622,0.19259052865285753,0.2613180617451861,-0.06872753309232858
17.950356423261784,18.115129215664382,17.416090067566007,17.95934295654297,474646000,0.17280282995034274,59.47977617547338,0.2725246767499456,0.27300176787381936,-0.0004770911238737438
17.788579119485384,18.218987999280966,17.667744714059165,18.138099670410156,435460000,0.1357125631536051,60.53623475222533,0.3463052465732517,0.2774258701577003,0.06887937641555135
18.15707238058243,18.820163524797316,17.965336169045,18.41571807861328,476469000,0.1521643691978608,62.18520554207434,0.4223102355897872,0.2827446873393887,0.13956554825039852
18.097155349870032,18.912036637847795,18.06719579272413,18.500600814819336,489527000,0.20104261678998062,62.69841834831446,0.4838169240540502,0.27540110064292134,0.20841582341112885
18.159068404484795,18.94199387860434,18.112131961169382,18.867095947265625,418146000,0.2252894981762646,64.91263455201289,0.5557284207490731,0.2778500778703554,0.2778783428787177
18.823156555558004,19.247573064664184,18.73427788492444,19.18865394592285,409652000,0.23676695320251825,66.77609119702568,0.6313875998674128,0.282807405590956,0.34858019427645676
18.784211469742147,19.202637656923585,18.640409788848668,18.962966918945312,386068000,0.2113123300724994,64.19900587335646,0.6654659107013252,0.2535085731398947,0.4119573375614305
17.47800666761525,18.213995799408384,17.218362882676377,17.768606185913086,981859000,0.12120325418771838,52.62434857312167,0.5893051452073585,0.14187824611674243,0.4474268990906161
17.228347155139414,17.42307949226524,16.70107120055864,17.06257438659668,668263000,0.05937807536331136,47.20618434130999,0.46659767662465157,0.015336622027228353,0.4512610545974232
17.673732457522053,18.093156629731215,17.293254366616612,18.072185516357422,597422000,0.06300343747550988,54.431326113605756,0.4456807736803725,-0.004464224733640609,0.4501449984140131
18.10614424417863,18.681354803668896,17.85149276386308,17.917402267456055,509327000,0.007552711331096644,53.22861046186588,0.4118665219036295,-0.030622781208306915,0.4424893031119364
18.13510064991279,18.692336139246862,17.92838373644259,18.683347702026367,478094000,0.03585910599594357,58.155887340509565,0.4417812992305521,-0.0005664031051074714,0.44234770233565956
18.675363352694625,19.137727979190448,18.587484645521922,19.005908966064453,457666000,0.09431770438509836,60.063942592147065,0.48591564099992013,0.03485435093140843,0.4510612900685117
18.894059233195584,19.115754975228306,18.47563309117103,18.85311508178711,451240000,0.1034259931116656,58.698535076190254,0.5027676428882693,0.041365082255805985,0.46140256063246327
18.497606022739234,18.662378820302454,18.120123994766043,18.30986213684082,446799000,0.10345310942452636,53.998401923190755,0.466904815222307,0.0044018036718749265,0.46250301155043205
18.275911803660716,18.839137794765332,18.158073539060755,18.747264862060547,415447000,0.05378331625585608,56.98493649045063,0.4683788307126875,0.0047006553298043485,0.46367817538288314
18.380763232142666,18.494607244022603,17.745635586886266,17.824527740478516,441588000,-0.007535006766859964,49.66031351330558,0.39058737638991303,-0.05847263919437612,0.44906001558428915
17.46602297873813,17.53393055087282,16.942741155282302,17.010648727416992,409593000,-0.0641751364433556,44.256849741211624,0.26026369601941823,-0.15103705565189673,0.41130075167131497
16.96570780280568,17.441055022428973,16.946732846775344,17.15744400024414,369986000,-0.07077241142881102,45.41059011541763,0.1669024446040197,-0.19551864565383625,0.36242109025785596
16.98867408521419,17.382134879990968,16.871835828872985,17.198387145996094,522661000,-0.07298759919260159,45.747867495823925,0.09512026273337781,-0.21384066201958252,0.30896092475296033
16.820904665261263,17.922392956465742,16.809920067610644,17.888439178466797,770691000,-0.05326480143047736,51.21829319238691,0.0928435557357119,-0.17289389521379878,0.2657374509495107
17.832517711038342,17.899425287639172,16.214737955773558,16.237707138061523,769127000,-0.16698302535728726,40.65696206536462,-0.04168056329177716,-0.2459344113930303,0.20425384810125313
15.998036535008664,16.31559943467692,15.745383146894872,15.779335975646973,496132000,-0.18378673324284467,38.295573148993626,-0.18316718160231815,-0.309936823762857,0.12676964216053888
15.938118643658612,16.017009853505307,15.161185414989587,15.446793556213379,530181000,-0.14003175774163062,36.63322421732153,-0.3184587458562511,-0.35618271041343197,0.03772396455718088
15.362907485409101,15.518693737673459,14.938489994118408,15.073305130004883,573710000,-0.12396212548415124,34.805797446472745,-0.4506211991902802,-0.3906761309979689,-0.059945068192311345
14.189516955759013,14.360282969003352,13.251805288994547,13.917890548706055,1178865000,-0.26119894213416556,29.845682584072097,-0.6412018206901777,-0.4650054019982931,-0.17619641869188463
14.080668193345614,14.151569993548428,13.572365294475969,13.628289222717285,743157000,-0.2736247120290655,28.740137709959495,-0.8063120792582588,-0.5040925284530993,-0.3022195508051595
13.712174019390066,13.760108544084295,13.332694905205493,13.446538925170898,535751000,-0.32891088596502327,28.03819104038333,-0.9409818260402769,-0.5110098201880939,-0.429972005852183
13.548427690992794,13.823132803648221,13.331660827330733,13.699265480041504,512657000,-0.32740771222918397,30.57727668049839,-1.0156083489021484,-0.46850907443997225,-0.5470992744621761
13.444541114584974,13.99295208288804,13.35463859857364,13.974970817565918,624873000,-0.2994102257184283,33.34050197855576,-1.0405089498728657,-0.3947277403285516,-0.6457812095443141
14.141790481823483,14.458450311996268,14.110824601120573,14.371543884277344,486612000,-0.24218969693152068,37.2117899468397,-1.0165248575638532,-0.29659491841563135,-0.7199299391482219
14.353562559238018,14.531370815249323,14.182745799379143,14.489416122436523,484159000,-0.2576294074395843,38.35768637915706,-0.9767466596046201,-0.2054533763651185,-0.7712932832395016
13.78717243345947,13.90704340206628,13.084927604067657,13.11689281463623,714956000,-0.3066745444115762,31.214171433970975,-1.0439394275282687,-0.21811691543101364,-0.8258225120972551
13.239762380467441,13.275723961084458,12.899129075962875,13.113898277282715,588507000,-0.2601669386745757,31.20051881218415,-1.084925468880943,-0.20728236542695033,-0.8776431034539928
13.001018642377574,13.218783909130673,12.77625997339062,12.91511058807373,523625000,-0.2840341426574482,30.254502346275864,-1.1205309241353962,-0.19431025654512268,-0.9262206675902735
12.728311219665628,13.197806577347697,12.603445503990063,13.183821678161621,670751000,-0.26582516139028234,33.202829908315444,-1.1142217103917265,-0.15040083424116224,-0.9638208761505642
12.998020017065993,13.44853567696183,12.996022310664745,13.367622375488281,569685000,-0.29131910573879216,35.220019034473886,-1.0819187470121765,-0.09447829668928975,-0.9874404503228867
13.200803821739566,13.468515569793002,13.042973562258846,13.161845207214355,524818000,-0.21001400930351974,33.98270149147738,-1.0606958717821051,-0.058604337167374565,-1.0020915346147306
13.19880492501757,14.015925947560238,13.095914942775154,13.246752738952637,807679000,-0.17494878831790434,34.997443718066414,-1.0252073103460084,-0.018492620585022213,-1.0067146897609862
13.055959368568894,13.134874976064083,12.414649785628118,12.547506332397461,759162000,-0.20787949776948175,30.798872597156763,-1.0414999478025155,-0.027828206433223368,-1.0136717413692922
12.406657353956374,12.597452148701835,12.243832357060537,12.502553939819336,663309000,-0.18699236848124445,30.54517574954123,-1.0459818352712258,-0.025848075121546854,-1.020133760149679
12.47758173756805,12.645401484838764,12.200878877608904,12.214863777160645,547343000,-0.13052154982893183,28.904214568865157,-1.0605229072577025,-0.032311317686418706,-1.0282115895712838
12.493563757903228,12.722317835728509,12.24483166136231,12.399664878845215,553854000,-0.09447827590982952,31.451727635025687,-1.0450877856624956,-0.013500956872969372,-1.0315868287895262
12.396666776822638,12.809223164081763,12.34072718604844,12.72231674194336,542414000,-0.05536406882128016,35.77853048643395,-0.9953462992007296,0.02899242367103727,-1.0243387228717669
12.434624784345932,12.486568956933958,11.933164319838204,12.206870079040527,532763000,-0.11534330232247735,32.27379775061822,-0.9861503236665143,0.03055071936420206,-1.0167010430307164
12.074014262996702,12.619428149755207,12.062027071325655,12.125958442687988,565638000,-0.1419194503313577,31.748069084445227,-0.9741618087129424,0.0340313874542193,-1.0081931961671617
12.333735347285502,12.664380071173387,12.091994756368466,12.498558044433594,547478000,-0.13963685112613167,36.84963536024711,-0.9239444933398353,0.06739896226186126,-0.9913434556016966
12.865164202159265,13.205798432836424,12.865164202159265,13.152854919433594,584182000,-0.09677962111323085,44.67062164684826,-0.8218765383513329,0.13557353380029102,-0.9574500721516239
12.897130656376154,13.306690062932848,12.607442225934847,13.194809913635254,507131000,0.00592263659754687,45.13979848383081,-0.7291958158074863,0.18260340507531014,-0.9117992208827964
13.205799701844292,13.641331232927218,13.088924800855013,13.115896224975586,644157000,0.00015234184900399174,44.37754846925431,-0.6545678993393462,0.20578505723476015,-0.8603529565741064
12.49156642287505,12.65638913094354,12.00908549131545,12.063027381896973,672478000,-0.0682528027849346,35.712601221121936,-0.6726288081145757,0.15017931876762458,-0.8228081268822003
12.024068434661013,12.110974864449592,11.39574445473449,11.657463073730469,698699000,-0.12304386535308835,33.03670379017948,-0.7114665155487394,0.0890732890667687,-0.8005398046155081
11.548579372352663,11.833273031713603,11.27087816209463,11.573553085327148,667482000,-0.14411295377028302,32.49421269493636,-0.7404807125786341,0.04804727362949923,-0.7885279862081334
11.566561709517808,11.722393310749835,11.332812878695025,11.487646102905273,492590000,-0.13604992335660357,31.916370973986407,-0.761627085344216,0.021520720691133977,-0.78314780603535
10.959213365382153,12.065024444936823,10.801383115389287,11.947151184082031,850103000,-0.10325959077115042,38.242514208322795,-0.7328595693790003,0.040230589325079724,-0.77309015870408
12.044047375714609,12.097989264666413,11.19196406249194,11.21493911743164,713432000,-0.11227520793648282,32.983291477993575,-0.7603793206560958,0.010168670438387428,-0.7705479910944832
11.505624619712844,11.935162929181667,11.504626242846918,11.875226974487305,580774000,-0.051478475245219556,40.87911071540804,-0.7206025523399084,0.03995635100365991,-0.7605589033435683
12.330739341420681,12.478580116410535,11.605519413375351,11.954144477844238,659362000,-0.021575516072983667,41.762278439839136,-0.6749310093475849,0.06850231519678684,-0.7434333245443717
11.86623835705214,12.336733042582134,11.821286623369021,12.038053512573242,523131000,-0.029596687926200276,42.74168024875425,-0.6247633417330807,0.09493598624903288,-0.7196993279821136
12.099988209372933,12.755283675568238,12.09199642948279,12.180901527404785,652398000,-0.0434883985572743,44.454285423452966,-0.5669430956470283,0.12220498586806827,-0.6891480815150965
12.08500339892655,12.484574273895978,11.874230574514167,12.452608108520508,609494000,0.01993117312083266,47.66096103127238,-0.4935068440017485,0.15651299001067853,-0.650019834012427
12.494563584772553,12.696346249814729,12.051040310367156,12.585465431213379,517457000,0.037194130396869515,49.20512835926441,-0.41974900464602527,0.1842166634931215,-0.6039656681391468
12.680362458755884,13.285711349965226,12.650394003315512,13.246752738952637,505482000,0.0581391648817881,56.14121605525277,-0.3044257953636684,0.23963189822038267,-0.5440576935840511
12.855175413310036,13.373616958180671,12.694348122288913,12.882145881652832,532953000,-0.020796526682113348,51.93067412084289,-0.23968906109099386,0.2434949059944458,-0.48318396708543965
13.615357966211398,13.823134703279653,13.107903316267763,13.161845207214355,583113000,-0.0025014345301841157,54.73525233046019,-0.16392570130446593,0.255406612624779,-0.4193323139292449
13.089924086490928,13.835123040649098,13.046970055052878,13.81913948059082,521040000,0.05222960330576132,60.55897668397337,-0.05026511326727423,0.2952537605295766,-0.3455188737968508
13.763199312088274,13.823135278216157,13.282716063958425,13.482501029968262,486341000,0.11124743813381273,56.546306161304734,0.01250367746168557,0.2864180410068291,-0.27391436354514354
13.796163675250103,13.91004153308199,13.504477533417388,13.528451919555664,432817000,0.1488484351762596,56.96547297894789,0.06520461093480456,0.2712951795839585,-0.20609056864915393
13.835121333715565,14.194734242960633,13.19680787203194,13.204798698425293,672628000,0.1318577125567185,53.08151770177631,0.07993295301377401,0.22881881733034237,-0.14888586431656836
13.028988642622243,13.766195754614126,12.942082209973792,13.40658187866211,500065000,0.1544735653140368,55.135311697696494,0.10665799947044796,0.20443509102961305,-0.0977770915591651
13.970974453238004,14.2137134210402,13.682284424573579,14.140791893005371,612576000,0.16857080732937302,61.70409953513488,0.1849504102377253,0.22618200143751233,-0.041231591199787025
14.212717264887232,14.396519644076326,13.939012355732789,14.285638809204102,410061000,0.24200801427873106,62.85942110530737,0.25573766087480543,0.23757540165967395,0.018162259215131468
14.785099833381034,14.875003304313351,14.20072822497082,14.58631420135498,595292000,0.2056292422477433,65.20596512903212,0.33226886959823076,0.25128528830647945,0.08098358129175133
14.14678591725043,14.195734017367396,13.744218969253557,13.761200904846191,454414000,0.14077506727882488,54.946584900679404,0.3226216747785813,0.19331047478946395,0.12931119998911733
14.78410157379975,15.756055920385691,14.53137309508661,15.733080863952637,700819000,0.26769279859197237,67.93202994306641,0.4686876963753406,0.2715011971089786,0.19718649926636198
15.790016967306785,16.371391439897824,15.465366340960653,16.309457778930664,655487000,0.2918758948086155,70.59947225876064,0.6237645019964013,0.3412624021840315,0.28250209981236984
16.200577486630568,16.522232066468828,15.904894997972113,16.277494430541992,527852000,0.2678533563723688,70.25049004055838,0.735605213628661,0.36248249105303293,0.3731227225756281
16.704035679925042,16.979738243381533,16.3644007894485,16.648096084594727,545876000,0.27975324969847704,71.97995002480175,0.8444104021125156,0.37703014362951,0.46738025848300563
16.144638186290106,16.344422187657635,15.855948141798965,15.892908096313477,649547000,0.18212053195540623,63.83610524805958,0.8597908053966616,0.3139284375309248,0.5458623678657368
15.698116484447885,16.24852510301491,15.518309565551975,15.660157203674316,710894000,0.19527741654367436,61.52566250495625,0.8434757703187614,0.23809072196241965,0.6053850483563418
15.94884635246615,15.9848088796115,15.10375554404222,15.39244556427002,492072000,0.15655471190462336,58.88569131151136,0.7997251616833818,0.15547209066163203,0.6442530710217498
15.130728243271124,15.460373655747635,15.063799831129005,15.300545692443848,404739000,0.10183394377226779,57.96619494448273,0.7490028983426527,0.08379986185672228,0.6652030364859304
15.311533717452877,16.040749998560774,15.10575468856274,16.020771026611328,472866000,0.17249344486179014,62.860733294905295,0.758181460578033,0.07438273927368211,0.6837987213043509
16.08070587095073,16.509245859928704,16.030760346892983,16.501253128051758,427241000,0.19864130790340986,65.72786530774721,0.79506145377675,0.08901018597791921,0.7060512677988308
16.300470283585213,16.469287445678606,16.154627223569857,16.252521514892578,167934000,0.20766776559736352,63.01578723769634,0.7950536678681566,0.07120192005546055,0.723851747812696
16.008783189002287,16.339428893631666,15.708107848172721,15.80999755859375,303741000,0.16489672545992376,58.398914363793374,0.7506860707949272,0.0214674583857849,0.7292186124091423
15.80999585179943,15.91488353992695,15.503326471316905,15.622198104858398,298384000,0.09962919560453093,56.50682485952183,0.692389152894906,-0.02946356761138913,0.7218527205062951
15.684146535771454,16.91613768564476,15.584228989487908,16.909143447875977,565298000,0.16859975447934558,64.89950396614606,0.7414867613576028,0.015707232681046124,0.7257795286765567
16.985083344047936,17.250864409196577,16.621381033320617,17.1209716796875,470977000,0.16022042046725027,66.0604034075861,0.7884015356383269,0.050097605569416115,0.7383039300689108
16.6453612261795,16.919137062737946,16.43153573239102,16.8621826171875,371389000,0.2032202957858405,63.30572384518984,0.7955293505518473,0.04578033638634915,0.7497490141654981
16.66534688023787,16.98108817708203,16.458515605368987,16.596403121948242,352255000,0.05342043547143871,60.51477714862412,0.7708461762849304,0.016877729695545796,0.7539684465893846
16.51646791728719,16.55943198225512,15.806049556125465,15.973912239074707,352694000,-0.020788264885000945,54.45894294332665,0.6930655428119934,-0.04872232302191293,0.7417878658339063
15.759086398689979,16.172747931483883,15.65417187585563,16.106801986694336,372388000,-0.010541777557037219,55.48313240106522,0.6348290087864754,-0.0855670856379448,0.7203960944244202
16.259678967569904,17.164937415817153,15.94593493843421,17.154945373535156,515456000,0.029990631402611892,62.6230742884462,0.6655801539129147,-0.04385275240920439,0.7094329063221191
17.14595175825143,17.568605803357165,16.961103742717867,16.98708152770996,465338000,0.06658016699737385,60.937394370491205,0.6686971243146633,-0.03258862560596465,0.701285749920628
17.023051775036333,17.5236410372187,16.783248501431842,17.52064323425293,457328000,0.11226007005705756,64.23300121601478,0.7060820421107454,0.003837033752093988,0.7022450083586514
18.51583101296008,18.774619778045864,17.696502554294796,18.057207107543945,656589000,0.15966804953507258,67.22738045091673,0.7701285169757845,0.05430680689370648,0.7158217100820781
17.97227412197752,18.237058470762765,17.405738871124704,17.659530639648438,496888000,0.14338712329110476,63.01651075290536,0.779807506773242,0.05118863735293111,0.7286188694203108
17.131959361835964,17.30581666296131,16.686325436894144,16.93811798095703,478542000,0.05568051445088048,56.14608512645715,0.7209554774964602,-0.006130713539080568,0.7270861910355407
16.850191523278642,17.02704663560611,16.39656280074963,16.557430267333984,478232000,0.003398634645196553,52.87033236330945,0.6362620702527373,-0.07265929662624282,0.7089213668789801
16.558430631961176,16.595399084562928,16.131780232311364,16.240690231323242,354039000,-0.0007282311262184532,50.243741706158886,0.5373889754341192,-0.13722591315588872,0.674614888590008
16.05084993795553,16.296648863545872,15.839024530853546,16.07183265686035,403260000,0.016425718566891137,48.850421491407936,0.440330089218115,-0.1874278394975144,0.6277579287156294
16.100807415218085,16.613387898119957,16.08881620314782,16.487489700317383,325025000,0.053909035093376016,52.35311966024483,0.3924266224104862,-0.18826504504411457,0.5806916674546008
16.08082376342015,16.12478836587808,14.869816130143493,15.326441764831543,565045000,-0.09827495137412949,43.410664357172024,0.25780410943230336,-0.25831004641783795,0.5161141558501413
15.183559021916842,15.32644159609821,14.870815551756776,15.193551063537598,349326000,-0.11943306040641292,42.51552453132781,0.13879172440962506,-0.30185794515241304,0.4406496695620381
15.0616587078648,15.087637443556918,14.044491580502148,14.1094388961792,464902000,-0.17822940086437297,35.99476609410786,-0.04251515155878138,-0.3865318568966556,0.3440167053378742
13.915597512631557,14.25032327426342,13.872632497198492,14.024508476257324,351066000,-0.16837958794495303,35.534954340645776,-0.19085527133909252,-0.4278975813415734,0.23704231000248088
14.390210661703463,14.670979813807444,14.215353729624166,14.591045379638672,354923000,-0.09054889610587727,40.95352001551444,-0.2597073470073301,-0.3973997256078488,0.1376923786005187
14.322265013832519,14.617023586437968,14.221347865834094,14.602036476135254,310490000,-0.09808066276093426,41.05703174121103,-0.3098148704228052,-0.3580057992186591,0.04819092879585392
